<!-- 背景由 Zenith 制作与编辑。 | Background made & edited by Zenith -->
<BloxstrapCustomBootstrapper Version="1" Height="450" Width="720" AllowTransparency="True" WindowCornerPreference="Round" Background="Transparent" IgnoreTitleBarInset="True" Theme="Dark"><Grid HorizontalAlignment="Stretch" VerticalAlignment="Stretch"><!-- [ ANOXLE ] --><Border HorizontalAlignment="Stretch" VerticalAlignment="Stretch" CornerRadius="10"><Border.Background><ImageBrush ImageSource="theme://bg2.jpg" Stretch="UniformToFill"/></Border.Background><Border.RenderTransform><ScaleTransform ScaleX="1.02" ScaleY="1.02" CenterX="360" CenterY="225"/></Border.RenderTransform></Border><TitleBar Title="" Background="Transparent" ShowMinimize="False" ShowClose="True" Height="32"/></Grid></BloxstrapCustomBootstrapper>