<BloxstrapCustomBootstrapper Version="1" Height="320" Width="520" IgnoreTitleBarInset="True" Theme="Dark" Margin="0"><TitleBar Title="" ShowMinimize="False" ShowClose="False"/><BloxstrapCustomBootstrapper.Background><ImageBrush ImageSource="theme://bg.jpg" Stretch="UniformToFill"/></BloxstrapCustomBootstrapper.Background><Grid><Rectangle Fill="#AA440000" Width="520" Height="320"/><Border Background="#80000000" CornerRadius="5" HorizontalAlignment="Left" VerticalAlignment="Top" Margin="25,25,0,0"><StackPanel Orientation="Horizontal" Margin="8"><Image Source="{Icon}" Width="32" Height="32" Margin="0,0,5,0"/><TextBlock Text="Roblox" FontSize="16" Foreground="White" VerticalAlignment="Center"/></StackPanel></Border><StackPanel VerticalAlignment="Bottom" Margin="0,0,0,30" HorizontalAlignment="Center"><Button Name="CancelButton" Content="Cancel" Height="35" Width="120" Padding="0" HorizontalAlignment="Center"><Button.Style><Style TargetType="Button"><Setter Property="Background" Value="#60000000"/><Setter Property="Foreground" Value="#FFFFFFFF"/><Setter Property="BorderBrush" Value="#88FF0000"/><Setter Property="BorderThickness" Value="1"/><Setter Property="Template"><Setter.Value><ControlTemplate TargetType="Button"><Border Name="Border" CornerRadius="5" Background="{TemplateBinding Background}" BorderBrush="{TemplateBinding BorderBrush}" BorderThickness="{TemplateBinding BorderThickness}"><ContentPresenter HorizontalAlignment="Center" VerticalAlignment="Center"/></Border><ControlTemplate.Triggers><Trigger Property="IsMouseOver" Value="True"><Setter TargetName="Border" Property="Background" Value="#90000000"/></Trigger><Trigger Property="IsPressed" Value="True"><Setter TargetName="Border" Property="Background" Value="#B0000000"/></Trigger></ControlTemplate.Triggers></ControlTemplate></Setter.Value></Setter></Style></Button.Style></Button><ProgressBar Height="8" Name="PrimaryProgressBar" Width="350" HorizontalAlignment="Center" Margin="0,15,0,0" Foreground="#FFE21F1F" Background="#66800000"/></StackPanel></Grid></BloxstrapCustomBootstrapper>